{"rmse": 0.9356824826318564, "mae": 0.7372279023563705}